{"cameraMode":{"drawMode":0,"name":"Shaded","section":"Shading Mode"},"sceneLighting":false,"audioPlay":false,"sceneViewState":{"m_AlwaysRefresh":false,"showFog":false,"showSkybox":false,"showFlares":false,"showImageEffects":false,"showParticleSystems":false,"showVisualEffectGraphs":true,"m_FxEnabled":true},"in2DMode":false,"pivot":{"x":-0.10868364572525025,"y":0.8223888874053955,"z":-0.04874378442764282},"rotation":{"x":0.09575812518596649,"y":0.8665755391120911,"z":-0.18186691403388978,"w":0.4550325274467468},"size":1.4913403987884522,"orthographic":false}