{"cameraMode":{"drawMode":0,"name":"Shaded","section":"Shading Mode"},"sceneLighting":false,"audioPlay":false,"sceneViewState":{"m_AlwaysRefresh":false,"showFog":false,"showSkybox":false,"showFlares":false,"showImageEffects":false,"showParticleSystems":false,"showVisualEffectGraphs":true,"m_FxEnabled":true},"in2DMode":false,"pivot":{"x":0.004742980003356934,"y":0.7366498112678528,"z":0.011604271829128266},"rotation":{"x":-0.029715601354837419,"y":-0.33867934346199038,"z":0.010406024754047394,"w":-0.9405109882354736},"size":1.0246063470840455,"orthographic":false}